page;url;gravite;id;categorie;titre;chemin;valeur;correctif;documentation
"home";"https://www.kaufmanbroad.fr/";"error";"jsonld-absent";"Syntaxe JSON-LD";"Aucun bloc JSON-LD sur la page";"";"";"Ajouter un bloc JSON-LD decrivant l'entite principale de la page.";"https://developers.google.com/search/docs/appearance/structured-data/intro-structured-data"
"home";"https://www.kaufmanbroad.fr/";"error";"kb-main-entity-missing";"Gabarit Kaufman & Broad";"Page d'accueil sans entite Organization (ou RealEstateAgent)";"";"";"Declarer l'entite principale avec un type approprie (Organization (ou RealEstateAgent)).";"https://schema.org/Accommodation"
"home";"https://www.kaufmanbroad.fr/";"warning";"meta-title-length";"Head & meta";"Longueur du title : 66 caracteres";"";"Promoteur Immobilier Neuf - Maison - Appartement | Kaufman & Broad";"Ajuster la longueur du title.";""
"home";"https://www.kaufmanbroad.fr/";"warning";"meta-og-title";"Head & meta";"og:title absent";"";"";"Ajouter <meta property=""og:title"" content=""…"">.";"https://ogp.me/"
"home";"https://www.kaufmanbroad.fr/";"warning";"meta-og-description";"Head & meta";"og:description absent";"";"";"Ajouter <meta property=""og:description"" content=""…"">.";"https://ogp.me/"
"home";"https://www.kaufmanbroad.fr/";"warning";"meta-og-url";"Head & meta";"og:url absent";"";"";"Ajouter <meta property=""og:url"" content=""…"">.";"https://ogp.me/"
"home";"https://www.kaufmanbroad.fr/";"warning";"meta-og-type";"Head & meta";"og:type absent";"";"";"Ajouter <meta property=""og:type"" content=""…"">.";"https://ogp.me/"
"home";"https://www.kaufmanbroad.fr/";"warning";"meta-og-image-missing";"Head & meta";"og:image absent";"";"";"Ajouter une image de partage de 1200x630 px.";"https://ogp.me/"
"home";"https://www.kaufmanbroad.fr/";"info";"kb-no-organization";"Gabarit Kaufman & Broad";"Aucune entite Organization sur la page";"";"";"Ajouter un bloc Organization racine, ou le referencer via @id depuis les autres entites.";"https://developers.google.com/search/docs/appearance/structured-data/organization"
"home";"https://www.kaufmanbroad.fr/";"info";"meta-description-length";"Head & meta";"Longueur de la meta description : 163 caracteres";"";"Kaufman & Broad est promoteur immobilier en France depuis près de 60 ans. Achetez une maison neuve ou un appartement neuf dans un des programmes immobiliers neufs.";"Ajuster la longueur de la description.";""
"home";"https://www.kaufmanbroad.fr/";"info";"meta-og-sitename";"Head & meta";"og:site_name absent";"";"";"Ajouter <meta property=""og:site_name"" content=""…"">.";"https://ogp.me/"
"home";"https://www.kaufmanbroad.fr/";"info";"meta-og-locale";"Head & meta";"og:locale absent";"";"";"Ajouter <meta property=""og:locale"" content=""…"">.";"https://ogp.me/"
"home";"https://www.kaufmanbroad.fr/";"info";"meta-twitter-card";"Head & meta";"twitter:card absent";"";"";"Ajouter <meta name=""twitter:card"" content=""summary_large_image"">.";""
"home";"https://www.kaufmanbroad.fr/";"info";"meta-img-alt";"Head & meta";"2 image(s) sur 12 sans attribut alt";"";"";"Renseigner alt sur les visuels porteurs de sens.";""
"programme-temoin";"https://www.kaufmanbroad.fr/achat-immobilier-neuf/ile-de-france/val-de-marne/orly/programme/28071";"error";"kb-main-entity-missing";"Gabarit Kaufman & Broad";"Page programme sans entite ApartmentComplex, ou un autre sous-type de Residence";"";"";"Declarer l'entite principale avec un type approprie (ApartmentComplex, ou un autre sous-type de Residence).";"https://schema.org/Accommodation"
"programme-temoin";"https://www.kaufmanbroad.fr/achat-immobilier-neuf/ile-de-france/val-de-marne/orly/programme/28071";"error";"schema-unknown-type";"Vocabulaire schema.org";"Type inconnu : HousingComplex";"bloc 1";"HousingComplex";"Remplacer par un type existant : ApartmentComplex, TennisComplex.";"https://schema.org/docs/full.html"
"programme-temoin";"https://www.kaufmanbroad.fr/achat-immobilier-neuf/ile-de-france/val-de-marne/orly/programme/28071";"error";"schema-unknown-property";"Vocabulaire schema.org";"Propriete inconnue : developer";"bloc 1 > developer";"{""@type"":""Organization"",""name"":""Kaufman & Broad"",""url"":""https://www.kaufmanbroad.fr"",""contactPoint"":{""@type"":""ContactPoi";"Supprimer la propriete ou utiliser un terme du vocabulaire.";"https://schema.org/docs/full.html"
"programme-temoin";"https://www.kaufmanbroad.fr/achat-immobilier-neuf/ile-de-france/val-de-marne/orly/programme/28071";"warning";"meta-title-length";"Head & meta";"Longueur du title : 68 caracteres";"";"Programme immobilier neuf villas du vercors à orly | Kaufman & Broad";"Ajuster la longueur du title.";""
"programme-temoin";"https://www.kaufmanbroad.fr/achat-immobilier-neuf/ile-de-france/val-de-marne/orly/programme/28071";"warning";"meta-og-type";"Head & meta";"og:type absent";"";"";"Ajouter <meta property=""og:type"" content=""…"">.";"https://ogp.me/"
"programme-temoin";"https://www.kaufmanbroad.fr/achat-immobilier-neuf/ile-de-france/val-de-marne/orly/programme/28071";"warning";"address-region-numeric";"Qualite des donnees";"addressRegion contient un code numerique";"bloc 1 > address > addressRegion";"94";"Remplacer par le nom de region, et deplacer le departement dans une propriete dediee ou l'omettre.";"https://schema.org/addressRegion"
"programme-temoin";"https://www.kaufmanbroad.fr/achat-immobilier-neuf/ile-de-france/val-de-marne/orly/programme/28071";"warning";"jsonld-html-in-value";"Syntaxe JSON-LD";"HTML ou entite HTML dans description";"bloc 1 > description";"À moins de 30 min* de Paris, découvrez un nouvel écoquartier, en lisière du cœur historique d’Orly-la-Ville et de son célèbre Parc Méliès.Ce…";"Decoder les entites et retirer les balises avant la serialisation JSON.";"https://developers.google.com/search/docs/appearance/structured-data/sd-policies"
"programme-temoin";"https://www.kaufmanbroad.fr/achat-immobilier-neuf/ile-de-france/val-de-marne/orly/programme/28071";"warning";"google-offers-on-non-product";"Resultats enrichis Google";"offers porte par HousingComplex, pas par un Product";"bloc 1 > offers";"{""@type"":""AggregateOffer"",""priceCurrency"":""EUR"",""lowPrice"":301000,""highPrice"":364000,""offerCount"":10,""availability"":""https://schema.org/InStock""}";"Declarer un type mixte : ""@type"": [""HousingComplex"", ""Product""], ou ajouter un noeud Product distinct relie par isSimilarTo / mainEntity.";"https://developers.google.com/search/docs/appearance/structured-data/product"
"programme-temoin";"https://www.kaufmanbroad.fr/achat-immobilier-neuf/ile-de-france/val-de-marne/orly/programme/28071";"warning";"coherence-price-hidden";"Coherence page / balisage";"highPrice (364000) introuvable dans le texte visible";"bloc 1 > offers > highPrice";"";"Afficher le prix sur la page, ou retirer la propriete du balisage.";"https://developers.google.com/search/docs/appearance/structured-data/sd-policies"
"programme-temoin";"https://www.kaufmanbroad.fr/achat-immobilier-neuf/ile-de-france/val-de-marne/orly/programme/28071";"info";"meta-description-length";"Head & meta";"Longueur de la meta description : 65 caracteres";"";"Un écoquartier paisible et connecté répondant à toutes les envies";"Ajuster la longueur de la description.";""
"programme-temoin";"https://www.kaufmanbroad.fr/achat-immobilier-neuf/ile-de-france/val-de-marne/orly/programme/28071";"info";"meta-og-sitename";"Head & meta";"og:site_name absent";"";"";"Ajouter <meta property=""og:site_name"" content=""…"">.";"https://ogp.me/"
"programme-temoin";"https://www.kaufmanbroad.fr/achat-immobilier-neuf/ile-de-france/val-de-marne/orly/programme/28071";"info";"meta-og-locale";"Head & meta";"og:locale absent";"";"";"Ajouter <meta property=""og:locale"" content=""…"">.";"https://ogp.me/"
"programme-temoin";"https://www.kaufmanbroad.fr/achat-immobilier-neuf/ile-de-france/val-de-marne/orly/programme/28071";"info";"jsonld-whitespace";"Syntaxe JSON-LD";"Espaces superflus dans streetAddress";"bloc 1 > address.streetAddress";"""102 avenue de la victoire""";"Appliquer un trim a la source.";""
"programme-temoin";"https://www.kaufmanbroad.fr/achat-immobilier-neuf/ile-de-france/val-de-marne/orly/programme/28071";"info";"coherence-description-meta";"Coherence page / balisage";"description structuree differente de la meta description";"bloc 1 > description";"";"Verifier que les deux proviennent du meme champ metier.";""
"programme-temoin";"https://www.kaufmanbroad.fr/achat-immobilier-neuf/ile-de-france/val-de-marne/orly/programme/28071";"info";"geo-precision-latitude";"Qualite des donnees";"Precision excessive sur latitude";"bloc 1 > geo > latitude";"48.746065936393";"Arrondir a 6 decimales.";""
"programme-temoin";"https://www.kaufmanbroad.fr/achat-immobilier-neuf/ile-de-france/val-de-marne/orly/programme/28071";"info";"geo-precision-longitude";"Qualite des donnees";"Precision excessive sur longitude";"bloc 1 > geo > longitude";"2.385876119412";"Arrondir a 6 decimales.";""
"programme-temoin";"https://www.kaufmanbroad.fr/achat-immobilier-neuf/ile-de-france/val-de-marne/orly/programme/28071";"info";"image-single-ratio";"Qualite des donnees";"Une seule image fournie (1)";"bloc 1 > image";"";"Fournir un tableau de 3 URLs (16:9, 4:3, 1:1), largeur minimale 1200 px.";"https://developers.google.com/search/docs/appearance/structured-data/product"
"programme-temoin";"https://www.kaufmanbroad.fr/achat-immobilier-neuf/ile-de-france/val-de-marne/orly/programme/28071";"info";"google-offer-url";"Resultats enrichis Google";"Offre sans url";"bloc 1 > offers";"";"Ajouter url avec l'URL canonique de la page.";"https://schema.org/Offer"
"lot-temoin";"https://www.kaufmanbroad.fr/achat-immobilier-neuf/ile-de-france/val-de-marne/orly/lot/Appartement/28071_58";"error";"schema-unknown-type";"Vocabulaire schema.org";"Type inconnu : HousingComplex";"bloc 1 > isPartOf";"HousingComplex";"Remplacer par un type existant : ApartmentComplex, TennisComplex.";"https://schema.org/docs/full.html"
"lot-temoin";"https://www.kaufmanbroad.fr/achat-immobilier-neuf/ile-de-france/val-de-marne/orly/lot/Appartement/28071_58";"warning";"meta-og-type";"Head & meta";"og:type absent";"";"";"Ajouter <meta property=""og:type"" content=""…"">.";"https://ogp.me/"
"lot-temoin";"https://www.kaufmanbroad.fr/achat-immobilier-neuf/ile-de-france/val-de-marne/orly/lot/Appartement/28071_58";"warning";"schema-property-out-of-domain";"Vocabulaire schema.org";"brand n'est pas une propriete de Apartment";"bloc 1 > brand";"";"Ajouter un type compatible au noeud (ex. ""@type"": [""Apartment"", ""Organization""]) ou deplacer la propriete.";"https://schema.org/brand"
"lot-temoin";"https://www.kaufmanbroad.fr/achat-immobilier-neuf/ile-de-france/val-de-marne/orly/lot/Appartement/28071_58";"warning";"schema-property-out-of-domain";"Vocabulaire schema.org";"category n'est pas une propriete de Apartment";"bloc 1 > category";"";"Ajouter un type compatible au noeud (ex. ""@type"": [""Apartment"", ""ActionAccessSpecification""]) ou deplacer la propriete.";"https://schema.org/category"
"lot-temoin";"https://www.kaufmanbroad.fr/achat-immobilier-neuf/ile-de-france/val-de-marne/orly/lot/Appartement/28071_58";"warning";"jsonld-html-in-value";"Syntaxe JSON-LD";"HTML ou entite HTML dans description";"bloc 1 > description";"Appartement 4 pièces de 80,99 m² à Orly, au sein de Villas du Vercors, un programme Kaufman & Broad, situé au 1er étage. Il comprend un séjo…";"Decoder les entites et retirer les balises avant la serialisation JSON.";"https://developers.google.com/search/docs/appearance/structured-data/sd-policies"
"lot-temoin";"https://www.kaufmanbroad.fr/achat-immobilier-neuf/ile-de-france/val-de-marne/orly/lot/Appartement/28071_58";"warning";"schema-property-out-of-domain";"Vocabulaire schema.org";"isPartOf n'est pas une propriete de Apartment";"bloc 1 > isPartOf";"";"Ajouter un type compatible au noeud (ex. ""@type"": [""Apartment"", ""CreativeWork""]) ou deplacer la propriete.";"https://schema.org/isPartOf"
"lot-temoin";"https://www.kaufmanbroad.fr/achat-immobilier-neuf/ile-de-france/val-de-marne/orly/lot/Appartement/28071_58";"warning";"schema-property-out-of-domain";"Vocabulaire schema.org";"offers n'est pas une propriete de Apartment";"bloc 1 > offers";"";"Ajouter un type compatible au noeud (ex. ""@type"": [""Apartment"", ""AggregateOffer""]) ou deplacer la propriete.";"https://schema.org/offers"
"lot-temoin";"https://www.kaufmanbroad.fr/achat-immobilier-neuf/ile-de-france/val-de-marne/orly/lot/Appartement/28071_58";"warning";"google-offers-on-non-product";"Resultats enrichis Google";"offers porte par Apartment, pas par un Product";"bloc 1 > offers";"{""@type"":""Offer"",""priceCurrency"":""EUR"",""price"":354000,""availability"":""https://schema.org/InStock"",""itemCondition"":""https://schema.org/NewCondition"",""url"":""https";"Declarer un type mixte : ""@type"": [""Apartment"", ""Product""], ou ajouter un noeud Product distinct relie par isSimilarTo / mainEntity.";"https://developers.google.com/search/docs/appearance/structured-data/product"
"lot-temoin";"https://www.kaufmanbroad.fr/achat-immobilier-neuf/ile-de-france/val-de-marne/orly/lot/Appartement/28071_58";"warning";"schema-property-out-of-domain";"Vocabulaire schema.org";"sku n'est pas une propriete de Apartment";"bloc 1 > sku";"";"Ajouter un type compatible au noeud (ex. ""@type"": [""Apartment"", ""Demand""]) ou deplacer la propriete.";"https://schema.org/sku"
"lot-temoin";"https://www.kaufmanbroad.fr/achat-immobilier-neuf/ile-de-france/val-de-marne/orly/lot/Appartement/28071_58";"info";"meta-og-sitename";"Head & meta";"og:site_name absent";"";"";"Ajouter <meta property=""og:site_name"" content=""…"">.";"https://ogp.me/"
"lot-temoin";"https://www.kaufmanbroad.fr/achat-immobilier-neuf/ile-de-france/val-de-marne/orly/lot/Appartement/28071_58";"info";"meta-og-locale";"Head & meta";"og:locale absent";"";"";"Ajouter <meta property=""og:locale"" content=""…"">.";"https://ogp.me/"
"lot-temoin";"https://www.kaufmanbroad.fr/achat-immobilier-neuf/ile-de-france/val-de-marne/orly/lot/Appartement/28071_58";"info";"kb-recommended-numberofbathroomstotal";"Gabarit Kaufman & Broad";"numberOfBathroomsTotal absent sur Apartment";"bloc 1";"";"Ajouter numberOfBathroomsTotal.";"https://schema.org/numberOfBathroomsTotal"
"lot-temoin";"https://www.kaufmanbroad.fr/achat-immobilier-neuf/ile-de-france/val-de-marne/orly/lot/Appartement/28071_58";"info";"kb-recommended-floorlevel";"Gabarit Kaufman & Broad";"floorLevel absent sur Apartment";"bloc 1";"";"Ajouter floorLevel.";"https://schema.org/floorLevel"
"lot-temoin";"https://www.kaufmanbroad.fr/achat-immobilier-neuf/ile-de-france/val-de-marne/orly/lot/Appartement/28071_58";"info";"kb-recommended-yearbuilt";"Gabarit Kaufman & Broad";"yearBuilt absent sur Apartment";"bloc 1";"";"Ajouter yearBuilt.";"https://schema.org/yearBuilt"
"lot-temoin";"https://www.kaufmanbroad.fr/achat-immobilier-neuf/ile-de-france/val-de-marne/orly/lot/Appartement/28071_58";"info";"kb-recommended-tourbookingpage";"Gabarit Kaufman & Broad";"tourBookingPage absent sur Apartment";"bloc 1";"";"Ajouter tourBookingPage.";"https://schema.org/tourBookingPage"
"lot-temoin";"https://www.kaufmanbroad.fr/achat-immobilier-neuf/ile-de-france/val-de-marne/orly/lot/Appartement/28071_58";"info";"kb-dpe-missing";"Gabarit Kaufman & Broad";"Performance energetique (DPE) non balisee";"bloc 1";"";"Ajouter hasEnergyConsumptionDetails avec energyEfficiencyScaleMin / energyEfficiencyScaleMax.";"https://schema.org/EnergyConsumptionDetails"
"lot-temoin";"https://www.kaufmanbroad.fr/achat-immobilier-neuf/ile-de-france/val-de-marne/orly/lot/Appartement/28071_58";"info";"jsonld-whitespace";"Syntaxe JSON-LD";"Espaces superflus dans streetAddress";"bloc 1 > address.streetAddress";"""102 avenue de la victoire""";"Appliquer un trim a la source.";""
"lot-temoin";"https://www.kaufmanbroad.fr/achat-immobilier-neuf/ile-de-france/val-de-marne/orly/lot/Appartement/28071_58";"info";"coherence-description-meta";"Coherence page / balisage";"description structuree differente de la meta description";"bloc 1 > description";"";"Verifier que les deux proviennent du meme champ metier.";""
"lot-temoin";"https://www.kaufmanbroad.fr/achat-immobilier-neuf/ile-de-france/val-de-marne/orly/lot/Appartement/28071_58";"info";"geo-precision-latitude";"Qualite des donnees";"Precision excessive sur latitude";"bloc 1 > geo > latitude";"48.746065936393";"Arrondir a 6 decimales.";""
"lot-temoin";"https://www.kaufmanbroad.fr/achat-immobilier-neuf/ile-de-france/val-de-marne/orly/lot/Appartement/28071_58";"info";"geo-precision-longitude";"Qualite des donnees";"Precision excessive sur longitude";"bloc 1 > geo > longitude";"2.385876119412";"Arrondir a 6 decimales.";""
"lot-temoin";"https://www.kaufmanbroad.fr/achat-immobilier-neuf/ile-de-france/val-de-marne/orly/lot/Appartement/28071_58";"info";"google-offer-pricevaliduntil";"Resultats enrichis Google";"Offer sans priceValidUntil";"bloc 1 > offers";"";"Ajouter priceValidUntil au format AAAA-MM-JJ.";"https://developers.google.com/search/docs/appearance/structured-data/product"
"programme-aleatoire";"https://www.kaufmanbroad.fr/achat-immobilier-neuf/pays-de-la-loire/loire-atlantique/saint-herblain/programme/72601";"error";"kb-main-entity-missing";"Gabarit Kaufman & Broad";"Page programme sans entite ApartmentComplex, ou un autre sous-type de Residence";"";"";"Declarer l'entite principale avec un type approprie (ApartmentComplex, ou un autre sous-type de Residence).";"https://schema.org/Accommodation"
"programme-aleatoire";"https://www.kaufmanbroad.fr/achat-immobilier-neuf/pays-de-la-loire/loire-atlantique/saint-herblain/programme/72601";"error";"schema-unknown-type";"Vocabulaire schema.org";"Type inconnu : HousingComplex";"bloc 1";"HousingComplex";"Remplacer par un type existant : ApartmentComplex, TennisComplex.";"https://schema.org/docs/full.html"
"programme-aleatoire";"https://www.kaufmanbroad.fr/achat-immobilier-neuf/pays-de-la-loire/loire-atlantique/saint-herblain/programme/72601";"error";"schema-unknown-property";"Vocabulaire schema.org";"Propriete inconnue : developer";"bloc 1 > developer";"{""@type"":""Organization"",""name"":""Kaufman & Broad"",""url"":""https://www.kaufmanbroad.fr"",""contactPoint"":{""@type"":""ContactPoi";"Supprimer la propriete ou utiliser un terme du vocabulaire.";"https://schema.org/docs/full.html"
"programme-aleatoire";"https://www.kaufmanbroad.fr/achat-immobilier-neuf/pays-de-la-loire/loire-atlantique/saint-herblain/programme/72601";"warning";"meta-title-length";"Head & meta";"Longueur du title : 66 caracteres";"";"Programme immobilier neuf cîméa à saint-herblain | Kaufman & Broad";"Ajuster la longueur du title.";""
"programme-aleatoire";"https://www.kaufmanbroad.fr/achat-immobilier-neuf/pays-de-la-loire/loire-atlantique/saint-herblain/programme/72601";"warning";"meta-og-type";"Head & meta";"og:type absent";"";"";"Ajouter <meta property=""og:type"" content=""…"">.";"https://ogp.me/"
"programme-aleatoire";"https://www.kaufmanbroad.fr/achat-immobilier-neuf/pays-de-la-loire/loire-atlantique/saint-herblain/programme/72601";"warning";"address-region-numeric";"Qualite des donnees";"addressRegion contient un code numerique";"bloc 1 > address > addressRegion";"44";"Remplacer par le nom de region, et deplacer le departement dans une propriete dediee ou l'omettre.";"https://schema.org/addressRegion"
"programme-aleatoire";"https://www.kaufmanbroad.fr/achat-immobilier-neuf/pays-de-la-loire/loire-atlantique/saint-herblain/programme/72601";"warning";"jsonld-html-in-value";"Syntaxe JSON-LD";"HTML ou entite HTML dans description";"bloc 1 > description";"Entre nature et confort urbain, découvrez une nouvelle adresse pensée pour votre bien-être à Saint-Herblain. Nos appartements du studio au 4…";"Decoder les entites et retirer les balises avant la serialisation JSON.";"https://developers.google.com/search/docs/appearance/structured-data/sd-policies"
"programme-aleatoire";"https://www.kaufmanbroad.fr/achat-immobilier-neuf/pays-de-la-loire/loire-atlantique/saint-herblain/programme/72601";"warning";"google-offers-on-non-product";"Resultats enrichis Google";"offers porte par HousingComplex, pas par un Product";"bloc 1 > offers";"{""@type"":""AggregateOffer"",""priceCurrency"":""EUR"",""lowPrice"":154000,""highPrice"":388000,""offerCount"":18,""availability"":""https://schema.org/InStock""}";"Declarer un type mixte : ""@type"": [""HousingComplex"", ""Product""], ou ajouter un noeud Product distinct relie par isSimilarTo / mainEntity.";"https://developers.google.com/search/docs/appearance/structured-data/product"
"programme-aleatoire";"https://www.kaufmanbroad.fr/achat-immobilier-neuf/pays-de-la-loire/loire-atlantique/saint-herblain/programme/72601";"warning";"coherence-price-hidden";"Coherence page / balisage";"highPrice (388000) introuvable dans le texte visible";"bloc 1 > offers > highPrice";"";"Afficher le prix sur la page, ou retirer la propriete du balisage.";"https://developers.google.com/search/docs/appearance/structured-data/sd-policies"
"programme-aleatoire";"https://www.kaufmanbroad.fr/achat-immobilier-neuf/pays-de-la-loire/loire-atlantique/saint-herblain/programme/72601";"info";"meta-description-length";"Head & meta";"Longueur de la meta description : 62 caracteres";"";"Aux portes de Nantes, une adresse entre nature et centre-ville";"Ajuster la longueur de la description.";""
"programme-aleatoire";"https://www.kaufmanbroad.fr/achat-immobilier-neuf/pays-de-la-loire/loire-atlantique/saint-herblain/programme/72601";"info";"meta-og-sitename";"Head & meta";"og:site_name absent";"";"";"Ajouter <meta property=""og:site_name"" content=""…"">.";"https://ogp.me/"
"programme-aleatoire";"https://www.kaufmanbroad.fr/achat-immobilier-neuf/pays-de-la-loire/loire-atlantique/saint-herblain/programme/72601";"info";"meta-og-locale";"Head & meta";"og:locale absent";"";"";"Ajouter <meta property=""og:locale"" content=""…"">.";"https://ogp.me/"
"programme-aleatoire";"https://www.kaufmanbroad.fr/achat-immobilier-neuf/pays-de-la-loire/loire-atlantique/saint-herblain/programme/72601";"info";"jsonld-whitespace";"Syntaxe JSON-LD";"Espaces superflus dans streetAddress";"bloc 1 > address.streetAddress";"""90-92 Boulevard François Mitterrand""";"Appliquer un trim a la source.";""
"programme-aleatoire";"https://www.kaufmanbroad.fr/achat-immobilier-neuf/pays-de-la-loire/loire-atlantique/saint-herblain/programme/72601";"info";"image-single-ratio";"Qualite des donnees";"Une seule image fournie (1)";"bloc 1 > image";"";"Fournir un tableau de 3 URLs (16:9, 4:3, 1:1), largeur minimale 1200 px.";"https://developers.google.com/search/docs/appearance/structured-data/product"
"programme-aleatoire";"https://www.kaufmanbroad.fr/achat-immobilier-neuf/pays-de-la-loire/loire-atlantique/saint-herblain/programme/72601";"info";"google-offer-url";"Resultats enrichis Google";"Offre sans url";"bloc 1 > offers";"";"Ajouter url avec l'URL canonique de la page.";"https://schema.org/Offer"
"lot-aleatoire";"https://www.kaufmanbroad.fr/achat-immobilier-neuf/ile-de-france/essonne/juvisy-sur-orge/lot/Appartement/29431_83";"warning";"meta-title-length";"Head & meta";"Longueur du title : 68 caracteres";"";"Achat appartement neuf 3 pièces - cour renaissance - Juvisy-sur-orge";"Ajuster la longueur du title.";""
"lot-aleatoire";"https://www.kaufmanbroad.fr/achat-immobilier-neuf/ile-de-france/essonne/juvisy-sur-orge/lot/Appartement/29431_83";"warning";"meta-og-type";"Head & meta";"og:type absent";"";"";"Ajouter <meta property=""og:type"" content=""…"">.";"https://ogp.me/"
"lot-aleatoire";"https://www.kaufmanbroad.fr/achat-immobilier-neuf/ile-de-france/essonne/juvisy-sur-orge/lot/Appartement/29431_83";"warning";"schema-property-out-of-domain";"Vocabulaire schema.org";"brand n'est pas une propriete de Apartment";"bloc 1 > brand";"";"Ajouter un type compatible au noeud (ex. ""@type"": [""Apartment"", ""Organization""]) ou deplacer la propriete.";"https://schema.org/brand"
"lot-aleatoire";"https://www.kaufmanbroad.fr/achat-immobilier-neuf/ile-de-france/essonne/juvisy-sur-orge/lot/Appartement/29431_83";"warning";"schema-property-out-of-domain";"Vocabulaire schema.org";"category n'est pas une propriete de Apartment";"bloc 1 > category";"";"Ajouter un type compatible au noeud (ex. ""@type"": [""Apartment"", ""ActionAccessSpecification""]) ou deplacer la propriete.";"https://schema.org/category"
"lot-aleatoire";"https://www.kaufmanbroad.fr/achat-immobilier-neuf/ile-de-france/essonne/juvisy-sur-orge/lot/Appartement/29431_83";"warning";"jsonld-html-in-value";"Syntaxe JSON-LD";"HTML ou entite HTML dans description";"bloc 1 > description";"Appartement 3 pièces de 58,45 m² à Juvisy-sur-Orge, au sein de Cour Renaissance, un programme Kaufman & Broad. Situé au 4e étage, il propose…";"Decoder les entites et retirer les balises avant la serialisation JSON.";"https://developers.google.com/search/docs/appearance/structured-data/sd-policies"
"lot-aleatoire";"https://www.kaufmanbroad.fr/achat-immobilier-neuf/ile-de-france/essonne/juvisy-sur-orge/lot/Appartement/29431_83";"warning";"schema-property-out-of-domain";"Vocabulaire schema.org";"isPartOf n'est pas une propriete de Apartment";"bloc 1 > isPartOf";"";"Ajouter un type compatible au noeud (ex. ""@type"": [""Apartment"", ""CreativeWork""]) ou deplacer la propriete.";"https://schema.org/isPartOf"
"lot-aleatoire";"https://www.kaufmanbroad.fr/achat-immobilier-neuf/ile-de-france/essonne/juvisy-sur-orge/lot/Appartement/29431_83";"warning";"schema-range-mismatch";"Vocabulaire schema.org";"Type de valeur inattendu pour isPartOf";"bloc 1 > isPartOf";"{""@type"":""ApartmentComplex"",""name"":""Cour Renaissance"",""url"":""https://www.kaufmanbroad.fr/achat-immobilier-neuf/ile-de-fr";"Fournir une valeur de type CreativeWork.";"https://schema.org/isPartOf"
"lot-aleatoire";"https://www.kaufmanbroad.fr/achat-immobilier-neuf/ile-de-france/essonne/juvisy-sur-orge/lot/Appartement/29431_83";"warning";"coherence-name-h1";"Coherence page / balisage";"name des donnees structurees eloigne du H1";"bloc 1 > name";"";"Aligner le libelle structure sur le titre visible de la page.";"https://developers.google.com/search/docs/appearance/structured-data/sd-policies"
"lot-aleatoire";"https://www.kaufmanbroad.fr/achat-immobilier-neuf/ile-de-france/essonne/juvisy-sur-orge/lot/Appartement/29431_83";"warning";"schema-property-out-of-domain";"Vocabulaire schema.org";"offers n'est pas une propriete de Apartment";"bloc 1 > offers";"";"Ajouter un type compatible au noeud (ex. ""@type"": [""Apartment"", ""AggregateOffer""]) ou deplacer la propriete.";"https://schema.org/offers"
"lot-aleatoire";"https://www.kaufmanbroad.fr/achat-immobilier-neuf/ile-de-france/essonne/juvisy-sur-orge/lot/Appartement/29431_83";"warning";"google-offers-on-non-product";"Resultats enrichis Google";"offers porte par Apartment, pas par un Product";"bloc 1 > offers";"{""@type"":""Offer"",""priceCurrency"":""EUR"",""price"":281000,""availability"":""https://schema.org/InStock"",""itemCondition"":""https://schema.org/NewCondition"",""url"":""https";"Declarer un type mixte : ""@type"": [""Apartment"", ""Product""], ou ajouter un noeud Product distinct relie par isSimilarTo / mainEntity.";"https://developers.google.com/search/docs/appearance/structured-data/product"
"lot-aleatoire";"https://www.kaufmanbroad.fr/achat-immobilier-neuf/ile-de-france/essonne/juvisy-sur-orge/lot/Appartement/29431_83";"warning";"schema-property-out-of-domain";"Vocabulaire schema.org";"sku n'est pas une propriete de Apartment";"bloc 1 > sku";"";"Ajouter un type compatible au noeud (ex. ""@type"": [""Apartment"", ""Demand""]) ou deplacer la propriete.";"https://schema.org/sku"
"lot-aleatoire";"https://www.kaufmanbroad.fr/achat-immobilier-neuf/ile-de-france/essonne/juvisy-sur-orge/lot/Appartement/29431_83";"info";"meta-og-sitename";"Head & meta";"og:site_name absent";"";"";"Ajouter <meta property=""og:site_name"" content=""…"">.";"https://ogp.me/"
"lot-aleatoire";"https://www.kaufmanbroad.fr/achat-immobilier-neuf/ile-de-france/essonne/juvisy-sur-orge/lot/Appartement/29431_83";"info";"meta-og-locale";"Head & meta";"og:locale absent";"";"";"Ajouter <meta property=""og:locale"" content=""…"">.";"https://ogp.me/"
"lot-aleatoire";"https://www.kaufmanbroad.fr/achat-immobilier-neuf/ile-de-france/essonne/juvisy-sur-orge/lot/Appartement/29431_83";"info";"kb-recommended-numberofbathroomstotal";"Gabarit Kaufman & Broad";"numberOfBathroomsTotal absent sur Apartment";"bloc 1";"";"Ajouter numberOfBathroomsTotal.";"https://schema.org/numberOfBathroomsTotal"
"lot-aleatoire";"https://www.kaufmanbroad.fr/achat-immobilier-neuf/ile-de-france/essonne/juvisy-sur-orge/lot/Appartement/29431_83";"info";"kb-recommended-floorlevel";"Gabarit Kaufman & Broad";"floorLevel absent sur Apartment";"bloc 1";"";"Ajouter floorLevel.";"https://schema.org/floorLevel"
"lot-aleatoire";"https://www.kaufmanbroad.fr/achat-immobilier-neuf/ile-de-france/essonne/juvisy-sur-orge/lot/Appartement/29431_83";"info";"kb-recommended-yearbuilt";"Gabarit Kaufman & Broad";"yearBuilt absent sur Apartment";"bloc 1";"";"Ajouter yearBuilt.";"https://schema.org/yearBuilt"
"lot-aleatoire";"https://www.kaufmanbroad.fr/achat-immobilier-neuf/ile-de-france/essonne/juvisy-sur-orge/lot/Appartement/29431_83";"info";"kb-recommended-tourbookingpage";"Gabarit Kaufman & Broad";"tourBookingPage absent sur Apartment";"bloc 1";"";"Ajouter tourBookingPage.";"https://schema.org/tourBookingPage"
"lot-aleatoire";"https://www.kaufmanbroad.fr/achat-immobilier-neuf/ile-de-france/essonne/juvisy-sur-orge/lot/Appartement/29431_83";"info";"kb-dpe-missing";"Gabarit Kaufman & Broad";"Performance energetique (DPE) non balisee";"bloc 1";"";"Ajouter hasEnergyConsumptionDetails avec energyEfficiencyScaleMin / energyEfficiencyScaleMax.";"https://schema.org/EnergyConsumptionDetails"
"lot-aleatoire";"https://www.kaufmanbroad.fr/achat-immobilier-neuf/ile-de-france/essonne/juvisy-sur-orge/lot/Appartement/29431_83";"info";"jsonld-whitespace";"Syntaxe JSON-LD";"Espaces superflus dans streetAddress";"bloc 1 > address.streetAddress";"""47-53 avenue de la Cour de France""";"Appliquer un trim a la source.";""
"lot-aleatoire";"https://www.kaufmanbroad.fr/achat-immobilier-neuf/ile-de-france/essonne/juvisy-sur-orge/lot/Appartement/29431_83";"info";"geo-precision-latitude";"Qualite des donnees";"Precision excessive sur latitude";"bloc 1 > geo > latitude";"48.69381251619218";"Arrondir a 6 decimales.";""
"lot-aleatoire";"https://www.kaufmanbroad.fr/achat-immobilier-neuf/ile-de-france/essonne/juvisy-sur-orge/lot/Appartement/29431_83";"info";"geo-precision-longitude";"Qualite des donnees";"Precision excessive sur longitude";"bloc 1 > geo > longitude";"2.37065263883364";"Arrondir a 6 decimales.";""
"lot-aleatoire";"https://www.kaufmanbroad.fr/achat-immobilier-neuf/ile-de-france/essonne/juvisy-sur-orge/lot/Appartement/29431_83";"info";"image-single-ratio";"Qualite des donnees";"Une seule image fournie (1)";"bloc 1 > image";"";"Fournir un tableau de 3 URLs (16:9, 4:3, 1:1), largeur minimale 1200 px.";"https://developers.google.com/search/docs/appearance/structured-data/product"
"lot-aleatoire";"https://www.kaufmanbroad.fr/achat-immobilier-neuf/ile-de-france/essonne/juvisy-sur-orge/lot/Appartement/29431_83";"info";"google-offer-pricevaliduntil";"Resultats enrichis Google";"Offer sans priceValidUntil";"bloc 1 > offers";"";"Ajouter priceValidUntil au format AAAA-MM-JJ.";"https://developers.google.com/search/docs/appearance/structured-data/product"
